config_name,query_count,hit_at_1,hit_at_5,hit_at_10,recall_at_5,recall_at_10,mrr,avg_latency_ms,median_latency_ms
sparse,50,0.16,0.18,0.18,0.1525,0.1525,0.164,49.3,24.0
dense,50,0.82,0.88,0.88,0.816881,0.843571,0.846667,363.96,216.5
weighted_hybrid_s0.4_d0.6,50,0.66,0.86,0.88,0.782714,0.830238,0.747857,324.72,145.0
weighted_hybrid_s0.5_d0.5,50,0.64,0.88,0.92,0.802714,0.865238,0.739079,286.08,136.0
weighted_hybrid_s0.3_d0.7,50,0.66,0.86,0.88,0.785214,0.833571,0.747857,192.42,132.0
